-- user 테이블 샘플 데이터 

INSERT INTO user (user_name, user_rrn, user_seat)
VALUES 
	('관리자', '2025072715390', 0) ,-- user_seat ( 0은 공용 1은 지정),
    ('정길훈', '9902041o0ZAHCGgN3fvrZ0cq4Ka5/5UZF+S/vFcTmNkAxTMd31NLz4oUH7MJii8xUlHYQRxZ2ShVLFlIB9dw0r5Q9lteg==', 0),
    ('고은빈', '0001012mQgcrL/CU/n4QzfKQn0Vzo7H2umeukqU5CpHK3CWf/cakpwmF7/EoTT3X4VIZlHWbWj2ETx5r5kC8HKLjq1L8Q==', 0),
    ('김혜원', '98123124dJXWxQrtgs3S8GnyrFxWBe/Sk26Z/mqD1rSNFvJ86ub9eM7cHFnRfaMGph7+awpZavJSxdq0QllSXXim1MfPQ==', 1),
    ('고두현', '9805151UALo5fL/IVgazvEjfQfdnwVOLBSssaYC5Z3wgnp/cH7+easKv/r8symykvxL3lhLL2qIyXMP7Qtixw0bY7NKDw==', 1),
    ('권준하', '00072838hrETsNT/KTKcoIk58LE9a2uhrZgnizJqiHqhblmlpcAqO4UFAEPxH5UV1+JL7acO5J66arNuUya/tE7vVnyxg==', 0),
    ('백준수', '99041710SLaD+AvrGWc3UDgiZfXq9qyDTj53et0h1LbC6D8X5Ov1/Ivmny9rw0V+m58CMo6QbOB39+wdXReGALdVr4+OQ==', 1);
-- member 테이블 샘플 데이터
    INSERT INTO member (user_no, member_id, member_name, member_pw) VALUES (1, 'admin', '관리자', 'kvOffyqGmDjNUIXm8X/IIQm8+YzWKkfLw3njjegLvAITojzubkoT3myq4K3Yo5AnLW8Ig8J0Mgsf9g28/G3XUA==');
    
    INSERT INTO member(user_no, member_id ,member_name, member_pw, member_phone, member_rrn, member_address , member_school, member_grade, member_seat, member_penalty)
				VALUES(2,'wjdrlfgns','정길훈','ujJTh2rta8ItSm/1PYQGxq2GQZXtFEq1yHYhtsIztUi66uaVbfNG7IwX9eoQ817jy8UUeX7X3dMUVGTioLq0Ew==','01028703325','9902041o0ZAHCGgN3fvrZ0cq4Ka5/5UZF+S/vFcTmNkAxTMd31NLz4oUH7MJii8xUlHYQRxZ2ShVLFlIB9dw0r5Q9lteg==','서울 관악구 서원길 4 102호','한성 고등학교',1,0,0),
					  (3,'rhdmsqls','고은빈','ujJTh2rta8ItSm/1PYQGxq2GQZXtFEq1yHYhtsIztUi66uaVbfNG7IwX9eoQ817jy8UUeX7X3dMUVGTioLq0Ew==','01012345678','0001012mQgcrL/CU/n4QzfKQn0Vzo7H2umeukqU5CpHK3CWf/cakpwmF7/EoTT3X4VIZlHWbWj2ETx5r5kC8HKLjq1L8Q==','서울 마포구 아현동 270-1304호','중앙여자고등학교',3,0,0),
                      (4,'rlagPdnjs','김혜원','ujJTh2rta8ItSm/1PYQGxq2GQZXtFEq1yHYhtsIztUi66uaVbfNG7IwX9eoQ817jy8UUeX7X3dMUVGTioLq0Ew==','01023456789','98123124dJXWxQrtgs3S8GnyrFxWBe/Sk26Z/mqD1rSNFvJ86ub9eM7cHFnRfaMGph7+awpZavJSxdq0QllSXXim1MfPQ==','서울 금천구 가마산로 70 102호','이화여자고등학교',2,1,0),
                      (5,'rhengus','고두현','ujJTh2rta8ItSm/1PYQGxq2GQZXtFEq1yHYhtsIztUi66uaVbfNG7IwX9eoQ817jy8UUeX7X3dMUVGTioLq0Ew==','01009876544','9805151UALo5fL/IVgazvEjfQfdnwVOLBSssaYC5Z3wgnp/cH7+easKv/r8symykvxL3lhLL2qIyXMP7Qtixw0bY7NKDw==','경기 부천시 원미구 송내대로 377-1 1002호','가재울고등학교',3,1,0),
                      (7,'qorwnstn','백준수','ujJTh2rta8ItSm/1PYQGxq2GQZXtFEq1yHYhtsIztUi66uaVbfNG7IwX9eoQ817jy8UUeX7X3dMUVGTioLq0Ew==','01066778877','99041710SLaD+AvrGWc3UDgiZfXq9qyDTj53et0h1LbC6D8X5Ov1/Ivmny9rw0V+m58CMo6QbOB39+wdXReGALdVr4+OQ==','서울 금천구 가마산로 70 22호','대원고등학교',2,1,0);
		
	INSERT INTO member_avatar(member_no , ori_name, re_name, path)
			VALUES (2 , '인물3.png' , '2f45f83881dd4a0882e480ac35b88ab9.png' , 'C://upload/profile/2f45f83881dd4a0882e480ac35b88ab9.png'),
				   (3 , '인물5.png' , '37a86943aa1b41aea9f85386256194ea.png' , 'C://upload/profile/37a86943aa1b41aea9f85386256194ea.png'),
                   (4 , '인물2.png' , '04aed085255149349de8b1c32426504d.png' , 'C://upload/profile/04aed085255149349de8b1c32426504d.png'),
                   (5 , '인물6.png' , '988e4c92706f443a9a0107276016674e.png' , 'C://upload/profile/988e4c92706f443a9a0107276016674e.png'),
                   (6 , '인물4.png' , '79429183bb944b31b6f90d623fa7cc9f.png' , 'C://upload/profile/79429183bb944b31b6f90d623fa7cc9f.png');
	INSERT INTO use_status(member_no,status)
			VALUES(2,0),
				  (3,0),
                  (4,0),
                  (5,0),
                  (6,0);
                
-- 시험 분류 테이블 샘플 데이터 삽입
INSERT INTO exam_type (member_grade, exam_type)
VALUES
(1, 3),  -- 1학년 3월
(1, 6),  -- 1학년 6월
(1, 9),  -- 1학년 9월
(2, 3),  -- 2학년 3월
(2, 6),  -- 2학년 6월
(2, 9),  -- 2학년 9월
(3, 3),  -- 3학년 3월
(3, 6),  -- 3학년 6월
(3, 9),  -- 3학년 9월
(3, 11);  -- 3학년 11월

-- 과목 분류 테이블 샘플 데이터 삽입
INSERT INTO subject (subject_type, subject_name)
VALUES
('필수과목', '국어'),
('필수과목', '수학'),
('필수과목', '영어'),
('필수과목', '한국사'),
('사회탐구', '경제'),
('사회탐구', '사회문화'),
('사회탐구', '법과정치'),
('사회탐구', '윤리와 사상'),
('사회탐구', '세계지리'),
('사회탐구', '한국지리'),
('사회탐구', '세계사'),
('사회탐구', '동아시아사'),
('사회탐구', '생활과 윤리'),
('과학탐구1', '물리1'),
('과학탐구1', '화학1'),
('과학탐구1', '생명과학1'),
('과학탐구1', '지구과학1'),
('과학탐구2', '물리2'),
('과학탐구2', '화학2'),
('과학탐구2', '생명과학2'),
('과학탐구2', '지구과학2'),
('제2외국어', '독일어'),
('제2외국어', '프랑스어'),
('제2외국어', '스페인어'),
('제2외국어', '중국어'),
('제2외국어', '일본어'),
('제2외국어', '러시아어'),
('제2외국어', '아랍어'),
('제2외국어', '베트남어'),
('제2외국어', '한문');

        

        
-- [테블릿 테이블] 샘플 데이터 삽입
INSERT INTO tablet (tablet_available) VALUES
	(0),(0),(0),(0),(0),(0),(0),(0),(0),(0);
-- [좌석 테이블] 샘플 데이터 삽입
    INSERT INTO seat (member_no, seat_status)
VALUES
	(NULL, 1),
    (NULL, 1),
    (NULL, 1),
    (NULL, 1),
    (NULL, 1),
    (NULL, 1),
    (NULL, 1),
    (NULL, 1),
    (NULL, 1),
    (NULL, 1),
    (NULL, 1),
    (NULL, 1),
    (NULL, 1),
    (NULL, 1),
    (NULL, 1),
    (NULL, 1),
    (NULL, 1),
    (NULL, 1),
    (NULL, 1),
    (NULL, 1),
    (NULL, 1),
    (NULL, 1),
    (NULL, 1),
    (NULL, 1),
    (NULL, 1),
    (NULL, 1),
    (NULL, 1),
    (NULL, 1),
    (NULL, 1),
    (NULL, 1),
    (NULL, 1),
    (NULL, 1),
    (NULL, 1),
    (NULL, 1),
    (NULL, 1),
    (NULL, 1),
    (NULL, 1),
    (NULL, 1),
    (NULL, 1),
    (NULL, 1),
    (NULL, 1),
    (NULL, 1),
    (NULL, 1),
    (NULL, 1),
    (NULL, 1),
    (NULL, 1),
    (NULL, 1),
    (NULL, 1),
    (NULL, 1),
    (NULL, 1);
INSERT INTO fixed_seat (member_no, seat_no)
values	(2,null),
        (3,null),
        (4,null),
        (5,null),
        (6,null);
        
-- 질의응답 데이터
INSERT INTO qna (member_no, category, title, content, visibility, reg_date, view_count)
VALUES (6,'시설','조용한 공간에서 잡음이 들립니다','특정 구역에서 잡음이 들려 집중이 어렵습니다. 조치 부탁드립니다.',0,'2025-06-20T02:47:54',10),
(6,'기타','공지사항은 어디서 확인하나요?','독서실 공지나 안내사항은 어디서 확인할 수 있나요?',1,'2025-06-20T08:57:07',102),
(5,'좌석','친구와 붙은 자리 가능한가요?','친구와 함께 공부하려는데 옆자리를 지정할 수 있나요?',0,'2025-06-20T11:51:52',72),
(6,'시설','창가 자리 커튼 설치 요청','오전에 햇빛이 너무 강하게 들어와서 커튼이 필요해요.',0,'2025-06-20T17:02:51',90),
(5,'환불','환불 요청했는데 응답이 없어요','며칠 전에 환불 요청했는데 아직 연락이 없어서요. 확인 부탁드립니다.',1,'2025-06-20T20:53:58',73),
(3,'좌석','좌석에 개인용품 보관 가능한가요?','개인 책상 위에 개인 물품을 보관해도 되는지 궁금합니다.',0,'2025-06-21T00:11:25',149),
(2,'기타','분실물 문의드립니다','어제 노트북 충전기를 두고 온 것 같은데 혹시 보관 중인가요?',1,'2025-06-21T08:02:05',126),
(5,'시설','공기청정기 점검 요청','좌석 구역에 있는 공기청정기 필터 점검이 필요해 보여요.',1,'2025-06-21T23:12:41',50),
(4,'좌석','잔여 좌석 실시간 확인 가능한가요?','남은 좌석 수를 실시간으로 확인할 수 있는 방법이 있나요?',1,'2025-06-21T23:21:17',101),
(5,'시설','냉난방 조절 가능한가요?','자습실이 너무 추워서 집중이 안 돼요. 온도 조절 가능한가요?',0,'2025-06-22T01:22:26',136),
(4,'시설','자판기 고장 문의','1층 자판기에서 음료가 안 나옵니다. 확인 부탁드려요.',0,'2025-06-22T05:04:10',93),
(4,'좌석','좌석 취소는 어디서 하나요?','예약한 좌석을 취소하려면 어떻게 해야 하나요?',1,'2025-06-22T11:49:03',40),
(5,'좌석','앱으로 좌석 변경 가능한가요?','스마트폰 앱에서 좌석 변경이 가능한지 궁금합니다.',1,'2025-06-22T12:49:46',21),
(3,'기타','운영 시간 외 출입이 가능한지 궁금합니다','운영 시간이 지난 후에도 잠깐 들를 수 있는지 문의드립니다.',1,'2025-06-22T13:15:58',1),
(2,'시설','콘센트가 고장났어요','3번 좌석 옆 콘센트가 작동하지 않습니다. 점검 부탁드려요.',0,'2025-06-22T17:33:17',129),
(5,'시설','와이파이 속도 개선 가능한가요?','와이파이 속도가 느린 구역이 있어 개선이 가능한지 문의드립니다.',0,'2025-06-23T01:27:01',119),
(3,'시설','냉난방 조절이 가능한가요?','자습실 온도가 너무 춥거나 더울 때 조정 가능한가요?',1,'2025-06-23T15:33:56',40),
(5,'시설','조명이 너무 어두워요','현재 자리 조명이 어두워서 집중하기 어렵습니다. 밝기 조정 가능한가요?',1,'2025-06-23T17:00:01',62),
(2,'좌석','조용한 구역 좌석 추천해주세요','소음에 민감해서 조용한 자리를 추천받고 싶습니다.',1,'2025-06-23T18:40:41',134),
(3,'시설','청소 주기는 어떻게 되나요?','독서실 청소는 주 몇 회 진행되는지 알고 싶습니다.',0,'2025-06-24T01:38:49',140),
(3,'기타','독서실에 개인 물품 보관 가능한가요?','개인 노트북이나 책 등을 보관할 수 있는 락커가 있나요?',1,'2025-06-24T05:35:01',45),
(2,'기타','이용 중 출입 기록 확인이 가능한가요?','출입 시간 기록을 확인할 수 있는 기능이 있는지 궁금합니다.',0,'2025-06-24T06:03:21',31),
(4,'기타','독서실에서 음식물 섭취 가능한가요?','작은 간식 정도는 허용되는지 규정이 궁금합니다.',1,'2025-06-24T06:14:55',11),
(3,'기타','외부인도 좌석 예약 가능한가요?','회원이 아닌 외부인도 좌석 예약이 가능한가요? 이용 조건이 궁금합니다.',1,'2025-06-24T11:50:57',79),
(3,'시설','냉난방 조절이 가능한가요?','자습실 온도가 너무 춥거나 더울 때 조정 가능한가요?',0,'2025-06-24T16:50:17',116),
(4,'좌석','좌석별 밝기 조절이 가능한가요?','좌석마다 조명 밝기를 조절할 수 있는 기능이 있나요?',0,'2025-06-24T22:23:17',3),
(3,'환불','카드 결제 환불은 어떻게 처리되나요?','카드로 결제했는데 환불은 어디로 입금되나요?',1,'2025-06-25T03:34:30',56),
(4,'좌석','좌석에 개인용품 보관 가능한가요?','개인 책상 위에 개인 물품을 보관해도 되는지 궁금합니다.',1,'2025-06-25T15:55:54',142),
(5,'좌석','좌석 취소는 어디서 하나요?','예약한 좌석을 취소하려면 어떻게 해야 하나요?',1,'2025-06-26T04:12:15',87),
(6,'기타','친구와 함께 이용 가능한가요?','친구와 같이 공부하고 싶은데 좌석을 나란히 예약할 수 있나요?',1,'2025-06-26T08:16:53',109),
(2,'시설','프린터 위치와 사용 방법 안내 요청','프린터가 어디에 있는지, 사용법도 함께 알려주세요.',1,'2025-06-26T10:29:02',41),
(4,'시설','독서실 내 콘센트 위치 문의드립니다','좌석 근처에 콘센트가 부족한데, 추가 설치가 가능한지 궁금합니다.',0,'2025-06-26T18:49:12',67),
(5,'좌석','좌석 예약은 어떻게 하나요?','처음 사용하는데 좌석 예약 방법을 알려주세요.',1,'2025-06-26T21:31:49',90),
(6,'기타','시험 기간 연장 혜택 있나요?','시험 기간이라 이용시간을 늘릴 수 있는지 궁금합니다.',0,'2025-06-27T14:44:58',30),
(6,'환불','중도 해지 시 환불 기준이 어떻게 되나요?','정기권을 중간에 해지할 경우 환불 기준이 궁금합니다.',1,'2025-06-27T17:38:03',130),
(3,'환불','카드 결제 환불은 어떻게 처리되나요?','카드로 결제했는데 환불은 어디로 입금되나요?',1,'2025-06-27T22:46:03',47),
(5,'시설','콘센트가 고장났어요','3번 좌석 옆 콘센트가 작동하지 않습니다. 점검 부탁드려요.',0,'2025-06-28T08:44:09',99),
(6,'좌석','좌석 비움 시간 제한이 있나요?','일정 시간 이상 자리를 비우면 자동으로 해제되나요?',1,'2025-06-28T09:30:43',107),
(3,'시설','여자 화장실 비누가 없어요','2층 여자 화장실에 비누가 없어요. 비치 부탁드립니다.',0,'2025-06-28T19:44:23',36),
(5,'환불','환불 시 수수료가 있나요?','결제 금액의 몇 %가 수수료로 빠지는지 알려주세요.',0,'2025-06-29T18:32:51',41),
(6,'환불','카드 취소 후 환불은 언제 입금되나요?','카드로 결제 후 환불 요청했는데, 입금까지 얼마나 걸리나요?',0,'2025-06-30T03:50:40',54),
(2,'기타','장기 이용자 혜택 있나요?','3개월 이상 등록하면 할인 혜택이 있는지 궁금합니다.',0,'2025-06-30T07:09:10',45),
(6,'환불','부분 환불 가능한가요?','1개월권 중 2주만 이용했을 때 부분 환불이 가능한지 알고 싶습니다.',1,'2025-06-30T17:51:00',36),
(4,'환불','부분 환불 가능한가요?','1개월권 중 2주만 이용했을 때 부분 환불이 가능한지 알고 싶습니다.',1,'2025-07-02T02:59:38',62),
(2,'환불','환불 요청 시 처리 기간이 궁금합니다','환불을 요청하면 며칠 내에 입금되는지 알려주세요.',1,'2025-07-02T08:43:06',119),
(5,'시설','여자 화장실 비누가 없어요','2층 여자 화장실에 비누가 없어요. 비치 부탁드립니다.',0,'2025-07-02T18:20:50',4),
(4,'시설','공기청정기 필터 점검 주기 문의','공기청정기 필터는 주기적으로 점검되고 있는지 궁금합니다.',0,'2025-07-03T09:41:36',45),
(5,'시설','조용한 공간에서 잡음이 들립니다','특정 구역에서 잡음이 들려 집중이 어렵습니다. 조치 부탁드립니다.',1,'2025-07-03T12:11:43',49),
(5,'좌석','좌석별 밝기 조절이 가능한가요?','좌석마다 조명 밝기를 조절할 수 있는 기능이 있나요?',0,'2025-07-03T17:55:49',49),
(6,'시설','와이파이 연결이 자주 끊겨요','독서실 내 와이파이가 자주 끊기는데 확인 부탁드립니다. 특히 저녁 시간대에 더 심합니다.',0,'2025-07-04T07:09:40',138),
(3,'환불','카드 취소 후 환불은 언제 입금되나요?','카드로 결제 후 환불 요청했는데, 입금까지 얼마나 걸리나요?',1,'2025-07-04T14:33:24',2),
(5,'시설','복사기/프린터 있나요?','혹시 독서실 내에서 출력 가능한 기기가 있나요?',1,'2025-07-04T15:06:25',128),
(4,'시설','공부방에 시계 설치 요청','현재 공부방에 시계가 없어 시간 확인이 불편합니다.',1,'2025-07-04T17:24:45',33),
(3,'기타','운영 시간 외 출입이 가능한지 궁금합니다','운영 시간이 지난 후에도 잠깐 들를 수 있는지 문의드립니다.',1,'2025-07-04T18:00:23',5),
(4,'좌석','친구와 붙은 자리 가능한가요?','친구와 함께 공부하려는데 옆자리를 지정할 수 있나요?',0,'2025-07-04T22:57:31',67),
(3,'시설','와이파이 연결이 자주 끊겨요','독서실 내 와이파이가 자주 끊기는데 확인 부탁드립니다. 특히 저녁 시간대에 더 심합니다.',0,'2025-07-05T11:04:06',56),
(6,'기타','시험 응원 메시지 남길 수 있나요?','게시판에 응원 메시지를 남기고 싶은데 가능한가요?',1,'2025-07-05T18:44:19',126),
(3,'시설','조명이 너무 어두운 구역이 있어요','특정 구역의 조명이 어두워 공부에 불편함이 있습니다. 점검 부탁드립니다.',0,'2025-07-07T09:42:44',70),
(4,'기타','명절이나 휴일 운영 여부 궁금합니다','공휴일이나 명절 기간에도 독서실이 운영되는지요?',1,'2025-07-07T16:58:50',80),
(5,'시설','조명이 너무 어두워요','현재 자리 조명이 어두워서 집중하기 어렵습니다. 밝기 조정 가능한가요?',1,'2025-07-07T17:14:20',59),
(4,'좌석','좌석 변경은 어디서 하나요?','현재 예약한 좌석을 다른 자리로 옮기고 싶은데 방법이 궁금합니다.',0,'2025-07-08T01:14:52',138),
(3,'기타','명절이나 휴일 운영 여부 궁금합니다','공휴일이나 명절 기간에도 독서실이 운영되는지요?',0,'2025-07-08T04:46:17',66),
(6,'시설','정수기나 식수 제공이 되나요?','독서실 내에 정수기나 식수대가 있는지 알고 싶습니다.',0,'2025-07-09T00:36:02',39),
(3,'환불','환불 처리 기간은 얼마나 걸리나요?','환불 요청 후 실제 입금까지 걸리는 기간이 궁금합니다.',1,'2025-07-09T19:28:15',81),
(4,'시설','프린터 위치와 사용 방법 안내 요청','프린터가 어디에 있는지, 사용법도 함께 알려주세요.',1,'2025-07-09T21:14:30',10),
(3,'좌석','자리 비우면 자동으로 해제되나요?','일정 시간 자리를 비우면 시스템에서 자동으로 해제되나요?',0,'2025-07-10T00:24:32',149),
(5,'시설','공기청정기 필터 점검 주기 문의','공기청정기 필터는 주기적으로 점검되고 있는지 궁금합니다.',0,'2025-07-10T00:57:27',86),
(2,'기타','이벤트 일정은 어디서 확인하나요?','공부 이벤트나 장학 혜택 관련 공지는 어디서 볼 수 있나요?',0,'2025-07-10T08:57:51',101),
(6,'환불','계좌이체 환불 절차 알려주세요','계좌이체로 결제했는데 환불은 어떤 절차로 진행되나요?',0,'2025-07-10T19:08:47',85),
(6,'시설','독서실 내 콘센트 위치 문의드립니다','좌석 근처에 콘센트가 부족한데, 추가 설치가 가능한지 궁금합니다.',0,'2025-07-11T09:28:30',126),
(2,'기타','독서실 운영 시간은 어떻게 되나요?','평일/주말 운영 시간 좀 안내해주세요.',0,'2025-07-11T13:45:59',84),
(2,'좌석','좌석 예약은 어떻게 하나요?','처음 사용하는데 좌석 예약 방법을 알려주세요.',1,'2025-07-11T15:21:09',142),
(5,'기타','이용 중 출입 기록 확인이 가능한가요?','출입 시간 기록을 확인할 수 있는 기능이 있는지 궁금합니다.',1,'2025-07-12T00:36:38',84),
(4,'기타','독서실 앱은 없나요?','스마트폰 앱으로 좌석 확인이나 예약 가능한가요?',0,'2025-07-12T06:47:13',68),
(2,'시설','와이파이 속도 개선 가능한가요?','와이파이 속도가 느린 구역이 있어 개선이 가능한지 문의드립니다.',1,'2025-07-12T11:37:02',9),
(3,'기타','독서실 운영 시간은 어떻게 되나요?','평일/주말 운영 시간 좀 안내해주세요.',0,'2025-07-13T02:27:17',67),
(3,'좌석','잔여 좌석 실시간 확인 가능한가요?','남은 좌석 수를 실시간으로 확인할 수 있는 방법이 있나요?',1,'2025-07-13T06:15:09',33),
(5,'좌석','같은 좌석 계속 이용 가능한가요?','장기권 이용 시 동일한 좌석을 계속 사용할 수 있나요?',0,'2025-07-13T15:20:27',127),
(5,'환불','환불 시 수수료가 있나요?','결제 금액의 몇 %가 수수료로 빠지는지 알려주세요.',0,'2025-07-13T18:42:02',18),
(3,'환불','환불 요청했는데 응답이 없어요','며칠 전에 환불 요청했는데 아직 연락이 없어서요. 확인 부탁드립니다.',1,'2025-07-13T23:40:27',145),
(3,'기타','친구와 함께 이용 가능한가요?','친구와 같이 공부하고 싶은데 좌석을 나란히 예약할 수 있나요?',0,'2025-07-14T03:38:15',65),
(4,'환불','중도 해지 시 환불 기준이 어떻게 되나요?','정기권을 중간에 해지할 경우 환불 기준이 궁금합니다.',1,'2025-07-15T06:20:58',45),
(4,'기타','공지사항은 어디서 확인하나요?','독서실 공지나 안내사항은 어디서 확인할 수 있나요?',0,'2025-07-15T12:16:24',124),
(4,'시설','조명이 너무 어두운 구역이 있어요','특정 구역의 조명이 어두워 공부에 불편함이 있습니다. 점검 부탁드립니다.',0,'2025-07-15T16:01:07',116),
(3,'시설','자판기 고장 문의','1층 자판기에서 음료가 안 나옵니다. 확인 부탁드려요.',0,'2025-07-15T20:09:22',102),
(6,'시설','계단 조명이 안켜져 있어요','2층 올라가는 계단이 너무 어두워요. 조명 점검해주세요.',0,'2025-07-16T06:55:04',50),
(6,'기타','장기 이용자 혜택 있나요?','3개월 이상 등록하면 할인 혜택이 있는지 궁금합니다.',0,'2025-07-16T13:56:22',121),
(6,'시설','공부방에 시계 설치 요청','현재 공부방에 시계가 없어 시간 확인이 불편합니다.',1,'2025-07-16T22:26:01',15),
(2,'좌석','자리 비우면 자동으로 해제되나요?','일정 시간 자리를 비우면 시스템에서 자동으로 해제되나요?',1,'2025-07-17T03:27:20',74),
(5,'시설','정수기나 식수 제공이 되나요?','독서실 내에 정수기나 식수대가 있는지 알고 싶습니다.',1,'2025-07-17T14:01:51',86),
(2,'기타','시험 응원 메시지 남길 수 있나요?','게시판에 응원 메시지를 남기고 싶은데 가능한가요?',1,'2025-07-18T01:02:03',26),
(2,'기타','독서실 앱은 없나요?','스마트폰 앱으로 좌석 확인이나 예약 가능한가요?',0,'2025-07-18T09:19:16',93),
(2,'시설','공기청정기 점검 요청','좌석 구역에 있는 공기청정기 필터 점검이 필요해 보여요.',1,'2025-07-19T05:40:07',141),
(4,'시설','냉난방 조절 가능한가요?','자습실이 너무 추워서 집중이 안 돼요. 온도 조절 가능한가요?',0,'2025-07-20T11:48:18',63),
(2,'기타','독서실에서 음식물 섭취 가능한가요?','작은 간식 정도는 허용되는지 규정이 궁금합니다.',1,'2025-07-20T20:46:45',71),
(5,'환불','기간권 환불 시 수수료가 있나요?','정기권 환불 시 수수료가 발생하는지요? 비율도 알고 싶습니다.',0,'2025-07-21T03:46:50',71),
(2,'시설','창가 자리 커튼 설치 요청','오전에 햇빛이 너무 강하게 들어와서 커튼이 필요해요.',0,'2025-07-21T04:21:10',64),
(6,'환불','등록 후 하루 사용했는데 환불 가능한가요?','이용한 지 하루밖에 안 되었는데 환불 요청이 가능한지 궁금합니다.',1,'2025-07-21T08:27:25',50),
(5,'좌석','고정좌석 변경하고 싶어요','현재 좌석이 불편해서 다른 자리로 옮길 수 있을까요?',1,'2025-07-21T13:15:41',13),
(4,'환불','환불 요청했는데 연락이 없습니다','환불 신청 후 며칠째 연락이 없어 확인 요청드립니다.',0,'2025-07-21T14:29:50',114),
(4,'기타','이벤트 일정은 어디서 확인하나요?','공부 이벤트나 장학 혜택 관련 공지는 어디서 볼 수 있나요?',0,'2025-07-22T00:09:38',72),
(4,'기타','분실물 보관은 얼마나 해주나요?','독서실 내에서 분실한 물건은 얼마나 보관해 주시나요?',0,'2025-07-22T16:25:02',117),
(3,'환불','기간권 환불 시 수수료가 있나요?','정기권 환불 시 수수료가 발생하는지요? 비율도 알고 싶습니다.',0,'2025-07-22T20:58:44',2),
(3,'기타','외부인도 좌석 예약 가능한가요?','회원이 아닌 외부인도 좌석 예약이 가능한가요? 이용 조건이 궁금합니다.',0,'2025-07-23T00:02:23',103),
(5,'시설','계단 조명이 안켜져 있어요','2층 올라가는 계단이 너무 어두워요. 조명 점검해주세요.',0,'2025-07-23T00:13:26',36),
(6,'좌석','같은 좌석 계속 이용 가능한가요?','장기권 이용 시 동일한 좌석을 계속 사용할 수 있나요?',1,'2025-07-23T08:03:20',21),
(2,'시설','청소 주기는 어떻게 되나요?','독서실 청소는 주 몇 회 진행되는지 알고 싶습니다.',0,'2025-07-23T18:58:49',37),
(6,'기타','시험 기간 연장 혜택 있나요?','시험 기간이라 이용시간을 늘릴 수 있는지 궁금합니다.',0,'2025-07-23T22:20:46',87),
(4,'환불','환불 처리 기간은 얼마나 걸리나요?','환불 요청 후 실제 입금까지 걸리는 기간이 궁금합니다.',1,'2025-07-23T23:01:43',109),
(5,'환불','환불 요청 시 처리 기간이 궁금합니다','환불을 요청하면 며칠 내에 입금되는지 알려주세요.',1,'2025-07-24T06:18:54',65),
(5,'시설','복사기/프린터 있나요?','혹시 독서실 내에서 출력 가능한 기기가 있나요?',1,'2025-07-24T11:37:56',84),
(4,'환불','등록 후 하루 사용했는데 환불 가능한가요?','이용한 지 하루밖에 안 되었는데 환불 요청이 가능한지 궁금합니다.',1,'2025-07-24T23:53:06',45),
(3,'좌석','좌석 변경은 어디서 하나요?','현재 예약한 좌석을 다른 자리로 옮기고 싶은데 방법이 궁금합니다.',0,'2025-07-25T13:40:35',37),
(3,'기타','분실물 문의드립니다','어제 노트북 충전기를 두고 온 것 같은데 혹시 보관 중인가요?',1,'2025-07-25T14:56:33',132),
(3,'환불','환불 요청했는데 연락이 없습니다','환불 신청 후 며칠째 연락이 없어 확인 요청드립니다.',1,'2025-07-25T16:25:48',102),
(2,'좌석','조용한 구역 좌석 추천해주세요','소음에 민감해서 조용한 자리를 추천받고 싶습니다.',1,'2025-07-25T19:39:47',63),
(5,'좌석','좌석 비움 시간 제한이 있나요?','일정 시간 이상 자리를 비우면 자동으로 해제되나요?',1,'2025-07-25T21:41:03',107),
(2,'기타','분실물 보관은 얼마나 해주나요?','독서실 내에서 분실한 물건은 얼마나 보관해 주시나요?',0,'2025-07-26T12:10:11',148),
(2,'좌석','고정좌석 변경하고 싶어요','현재 좌석이 불편해서 다른 자리로 옮길 수 있을까요?',1,'2025-07-26T22:18:43',36),
(3,'좌석','앱으로 좌석 변경 가능한가요?','스마트폰 앱에서 좌석 변경이 가능한지 궁금합니다.',0,'2025-07-27T05:37:10',40),
(4,'환불','계좌이체 환불 절차 알려주세요','계좌이체로 결제했는데 환불은 어떤 절차로 진행되나요?',0,'2025-07-27T07:53:09',56),
(3,'기타','독서실에 개인 물품 보관 가능한가요?','개인 노트북이나 책 등을 보관할 수 있는 락커가 있나요?',1,'2025-07-27T16:07:01',22); 

-- 질의응답 답변
INSERT INTO qna_reply (qna_id, content, reply_check, reg_date, mod_date)
VALUES
(2, '해당 구역의 소음을 확인 중이며, 조치 예정입니다. 이용에 불편을 드려 죄송합니다.', 1, '2025-07-28 10:00:00', '2025-07-28 10:00:00'),
(5, '공지사항은 홈페이지 상단 또는 앱 내 알림 메뉴에서 확인 가능합니다.', 0, '2025-07-28 10:01:00', '2025-07-28 10:01:00'),
(15, '커튼 설치 요청은 내부 검토 중이며, 안전 및 환경 조건을 고려해 결정하겠습니다.', 1, '2025-07-28 10:02:00', '2025-07-28 10:02:00'),
(31, '친구와 함께 이용을 원하실 경우, 인포에 말씀해주시면 가능한 범위 내에서 배정 도와드립니다.', 1, '2025-07-28 10:03:00', '2025-07-28 10:03:00'),
(35, '시험 기간에는 특별 운영 혜택이 적용되며, 추후 공지 예정입니다.', 0, '2025-07-28 10:04:00', '2025-07-28 10:04:00'),
(36, '중도 해지 시 환불 기준은 정기권 사용 일수 및 정책에 따라 차등 적용됩니다.', 1, '2025-07-28 10:05:00', '2025-07-28 10:05:00'),
(39, '지정 좌석을 일정 시간 이상 비울 경우 자동 해제가 되며, 앱에서 확인 가능합니다.', 0, '2025-07-28 10:06:00', '2025-07-28 10:06:00'),
(42, '카드 결제 후 환불은 영업일 기준 2~3일 내 입금됩니다.', 1, '2025-07-28 10:07:00', '2025-07-28 10:07:00'),
(44, '부분 환불은 이용 기간에 따라 계산되며, 고객센터로 문의 주시면 자세히 안내드리겠습니다.', 1, '2025-07-28 10:08:00', '2025-07-28 10:08:00'),
(51, '와이파이 연결 문제는 네트워크 장비 점검을 통해 개선 중입니다. 불편을 드려 죄송합니다.', 1, '2025-07-28 10:09:00', '2025-07-28 10:09:00');

-- 공지사항 데이터
INSERT INTO notice(title, content, category) VALUES
('페널티 회원 안내', '내용', '일반공지'),
('에어컨 필터 청소 일정 안내', '쾌적한 환경을 위해 7월 29일 오전 9시에 에어컨 필터 청소가 진행됩니다.', '시설공지'),
('모바일 앱 이용 방법 안내', '모바일 앱을 통해 좌석 예약, 출입 기록 확인이 가능합니다.', '일반공지'),
('자습실 조명 점검 안내', '2층 자습실 조명 점검이 7월 25일 오전 10시에 진행됩니다. 해당 시간 이용이 제한될 수 있습니다.', '시설공지'),
('무단 자리이탈 관련 주의사항', '자리이탈 시에는 반드시 개인 소지품을 챙겨주시기 바랍니다. 무단 이탈은 경고 조치됩니다.', '중요공지'),
('분실물 보관 안내', '6월 한 달간 접수된 분실물은 안내데스크에서 보관 중입니다. 확인 후 수령 바랍니다.', '일반공지'),
('냉방기 점검으로 인한 일시 중단', '7월 27일 오후 2시부터 4시까지 냉방기가 일시 중단됩니다. 양해 부탁드립니다.', '시설공지'),
('8월 신규회원 등록 이벤트', '8월 한 달간 신규 등록 회원에게 소정의 기념품을 드립니다.', '일반공지'),
('야간 무인 출입 시스템 점검', '7월 31일 자정부터 오전 2시까지 무인 출입 시스템 점검이 예정되어 있습니다.', '시설공지'),
('소음 유의 안내', '독서실 내 소음 유지를 위해 휴대전화는 진동으로 설정해 주세요.', '중요공지'),
('책상 정리 캠페인 안내', '개인 책상은 매일 정리해 주세요. 깔끔한 환경 조성에 협조 바랍니다.', '일반공지'),
('우산 보관소 이용 권장', '우산은 입구 우산 보관소에 보관해 주세요. 분실 시 책임지지 않습니다.', '일반공지'),
('정전 테스트 안내', '8월 3일 오전 6시에 정전 시나리오 테스트가 진행됩니다.', '시설공지'),
('냉수기 필터 교체 안내', '7월 30일 오후 1시 냉수기 필터 교체 작업이 예정되어 있습니다.', '시설공지'),
('장기 미이용 회원 공지', '30일 이상 미이용 회원은 자동으로 휴면 처리됩니다.', '중요공지'),
('독서실 내 음식물 섭취 금지', '냄새 나는 음식물 섭취는 금지되어 있습니다. 협조 바랍니다.', '중요공지'),
('개인 사물함 정리 요청', '8월 5일까지 개인 사물함을 정리해 주세요. 이후 임의 정리될 수 있습니다.', '중요공지'),
('8월 이용요금 납부 안내', '8월 이용요금은 7월 31일까지 납부 부탁드립니다.', '중요공지'),
('여름철 벌레 주의 안내', '창문은 반드시 닫아 주세요. 벌레 유입에 주의 바랍니다.', '일반공지'),
('와이파이 점검 안내', '8월 1일 오전 3시부터 4시까지 와이파이 점검이 있습니다.', '시설공지'),
('화재 대피 훈련 실시', '8월 2일 오후 2시 화재 대피 훈련이 진행될 예정입니다.', '중요공지'),
('노트북 이용 시간 안내', '노트북 전용 구역은 오후 10시 이후 이용이 제한됩니다.', '일반공지'),
('공기청정기 필터 교체 안내', '7월 28일 오전 11시에 공기청정기 필터가 교체됩니다.', '시설공지'),
('냉방기 리모컨 분실 주의', '냉방기 리모컨은 제자리에 두어 주세요. 분실 시 불이익이 있을 수 있습니다.', '중요공지'),
('회원 정보 수정 안내', '개명, 연락처 변경 시 관리자에게 알려 주세요.', '일반공지'),
('무단 외부인 출입 금지', '회원 외 출입이 적발되면 제재 조치가 취해집니다.', '중요공지'),
('도난 사고 예방 안내', '貴重品은 항상 소지해 주세요. 도난 사고는 책임지지 않습니다.', '중요공지'),
('여름 이벤트 사전 안내', '8월 중 특별 이벤트가 예정되어 있습니다. 많은 관심 바랍니다.', '일반공지'),
('화장실 점검 안내', '7월 26일 오전 9시부터 10시까지 화장실 정기 점검이 있습니다.', '시설공지'),
('야간 조명 점등 시간 변경', '7월 30일부터 야간 조명 점등 시간이 오후 6시로 변경됩니다.', '시설공지'),
('분실물 처리 일정 안내', '8월 10일까지 수령하지 않은 분실물은 폐기될 예정입니다.', '중요공지'),
('개인 전기제품 사용 금지', '개인 선풍기, 히터 등 전기제품 사용은 금지되어 있습니다.', '중요공지'),
('시험기간 특별운영 안내', '8월 12일부터 2주간 24시간 운영됩니다.', '일반공지'),
('무인락커 이용 방법 안내', '무인락커는 회원번호로 이용 가능합니다. 자세한 사항은 데스크 문의.', '일반공지'),
('청소 용역 일정 안내', '7월 29일 오후 5시 전체 청소가 예정되어 있습니다.', '시설공지'),
('출입카드 분실 주의', '출입카드 분실 시 즉시 관리자에게 신고 바랍니다.', '중요공지'),
('건물 내 금연 안내', '모든 구역은 금연입니다. 위반 시 벌금이 부과됩니다.', '중요공지'),
('출입 기록 오류 안내', '일부 출입 기록이 누락될 수 있습니다. 양해 부탁드립니다.', '일반공지'),
('냉난방 온도 조정 안내', '실내 적정 온도 유지를 위해 설정 온도가 변경됩니다.', '시설공지'),
('이용 시간 준수 안내', '예약한 좌석은 시작 10분 이내 미착석 시 자동 취소됩니다.', '중요공지'),
('주차장 이용 제한 안내', '8월 1일 오전 10시~12시 주차장 이용이 일시 중단됩니다.', '시설공지'),
('책상 배치 변경 안내', '쾌적한 환경 조성을 위해 일부 책상 배치가 변경됩니다.', '시설공지'),
('앱 알림 설정 안내', '앱 알림을 활성화하시면 실시간 공지 확인이 가능합니다.', '일반공지'),
('여름철 에너지 절약 안내', '불필요한 조명은 꺼 주세요. 함께 에너지 절약해요!', '일반공지'),
('모바일 출입 지원 안내', '출입카드 없이 앱으로 출입이 가능합니다.', '일반공지'),
('8월 독서실 내부 공사 안내', '8월 15~17일 내부 리모델링 공사가 있습니다. 소음에 양해 바랍니다.', '시설공지'),
('독서실 운영 규정 개정 안내', '운영 규정 일부가 8월 1일부터 개정됩니다. 상세 내용은 공지 참고.', '중요공지'),
('좌석 예약 취소 규정 안내', '예약 후 미사용이 반복되면 제재가 있을 수 있습니다.', '중요공지'),
('노트북 존 전원 콘센트 점검', '7월 28일 오전 8시 전원 점검이 예정되어 있습니다.', '시설공지'),
('건의함 운영 안내', '입구 건의함에 자유롭게 의견을 남겨 주세요.', '일반공지'),
('스터디카페 실내 온도 유지 안내', '쾌적한 학습 환경을 위해 냉방 온도를 25도로 유지 중입니다.', '중요공지'),
('우천 시 출입 주의 안내', '비 오는 날에는 바닥이 미끄러우니 조심해 주세요.', '일반공지'),
('전기 설비 점검 예정', '8월 8일 오전 7시 전기 설비 점검이 있습니다. 이용에 참고 바랍니다.', '시설공지'),
('외부 음식 배달 금지 안내', '독서실 내 음식물 반입은 제한됩니다. 배달음식은 입구에서 수령해 주세요.', '중요공지'),
('휴대폰 분실 주의 안내', '개인 소지품 분실에 주의해 주세요. CCTV는 출입 확인용으로만 사용됩니다.', '중요공지'),
('회원 카드 재발급 안내', '카드 분실 시 1층 안내데스크에서 재발급 가능합니다. 재발급 수수료가 부과됩니다.', '일반공지'),
('냉방기 필터 청소 완료 안내', '7월 25일 냉방기 필터 청소가 완료되었습니다. 보다 쾌적한 환경을 제공합니다.', '시설공지'),
('학습 분위기 유지를 위한 안내', '스터디존에서는 대화 및 통화는 삼가 주세요.', '중요공지'),
('시험기간 자리 예약 권장', '시험기간에는 자리가 혼잡하니 미리 예약 후 이용해 주세요.', '중요공지'),
('노트북 충전기 분실 주의', '개인 충전기 및 전자기기 관리에 유의해 주세요.', '일반공지'),
('청소기 사용 금지 안내', '청소기는 관리자가 직접 사용합니다. 무단 사용 시 제재될 수 있습니다.', '중요공지'),
('책 반납함 이용 안내', '공용 도서 반납은 입구 반납함을 이용해 주세요.', '일반공지'),
('스마트락 해제 오류 안내', '일부 사물함 스마트락이 일시적으로 오류를 일으킬 수 있습니다. 불편 시 데스크 문의 바랍니다.', '시설공지'),
('조용한 학습 환경 캠페인', '조용한 환경 유지를 위한 캠페인을 진행 중입니다. 모든 회원의 협조 부탁드립니다.', '중요공지'),
('시험기간 연장 운영 안내', '8월 19일부터 25일까지는 평일 자정까지 연장 운영됩니다.', '일반공지'),
('노트북존 마우스소리 주의 안내', '무소음 마우스 사용을 권장드립니다. 조용한 학습 환경을 위해 협조해 주세요.', '중요공지'),
('앱 로그인 오류 안내', '일부 회원의 앱 로그인에 문제가 발생 중입니다. 복구 작업 중입니다.', '일반공지'),
('스터디카페 SNS 오픈 안내', '스터디카페 공식 인스타그램 계정이 오픈되었습니다. 많은 관심 부탁드립니다.', '일반공지'),
('야간 조도 조절 안내', '야간 시간대는 자동 조도 조절 시스템이 작동됩니다.', '시설공지'),
('스터디존 내 물품 적치 금지', '공용 좌석에 개인 물품을 두지 말아 주세요. 장시간 방치는 수거될 수 있습니다.', '중요공지'),
('앱 좌석예약 기능 업데이트 안내', '7월 31일 앱 좌석예약 기능이 개선되었습니다. 최신 버전으로 업데이트 부탁드립니다.', '일반공지'),
('공용 콘센트 사용 안내', '공용 콘센트는 노트북 및 태블릿 등 학습용 기기에 한해 사용 가능합니다.', '중요공지'),
('사물함 연장 신청 안내', '사물함 이용 기간 연장은 안내데스크에서 신청 가능합니다.', '일반공지'),
('주차권 발급 안내', '장기 회원 대상 주차권 발급이 가능합니다. 자세한 사항은 데스크에 문의하세요.', '일반공지'),
('우산 건조대 설치 안내', '입구에 우산 건조대를 설치하였습니다. 편리하게 이용해 주세요.', '시설공지'),
('벌레 퇴치 작업 완료 안내', '8월 1일 벌레 방역 작업이 완료되었습니다.', '시설공지'),
('노쇼 방지 정책 시행 안내', '예약 후 미입실 3회 이상 시 예약이 제한됩니다.', '중요공지'),
('앱 리뉴얼 사전 안내', '9월 중 앱 리뉴얼 예정입니다. 보다 나은 기능을 제공할 예정입니다.', '일반공지'),
('독서실 책상 리뉴얼 예정', '일부 낡은 책상이 8월 말까지 교체됩니다.', '시설공지'),
('무인 출입 오류 해결 안내', '무인 출입 시스템 오류가 복구되었습니다. 원활한 이용 바랍니다.', '시설공지'),
('분실물 보관 기간 단축 안내', '8월부터 분실물 보관 기간이 2주로 단축됩니다.', '중요공지'),
('노트북존 소등 시간 안내', '노트북존은 오후 11시에 자동 소등됩니다.', '시설공지'),
('사물함 이중 사용 금지 안내', '1인 1사물함 원칙입니다. 이중 사용 시 사전 통보 없이 회수됩니다.', '중요공지'),
('스터디카페 퇴실 처리 시간 안내', '좌석 예약 후 미퇴실 시 퇴실 처리가 자동 적용됩니다.', '중요공지'),
('무단 음식물 반입 적발 시 조치', '무단 음식물 반입 시 1회 경고, 2회 이상 시 이용제한됩니다.', '중요공지'),
('여름철 온도 민원 관련 안내', '냉방 온도 관련 민원이 많습니다. 실내 적정온도 유지에 협조해 주세요.', '중요공지'),
('독서실 내 전자기기 분실 주의', '이어폰, 충전기 등 분실 사례가 늘고 있습니다. 소지품에 유의해 주세요.', '중요공지'),
('자율 학습 시간 변경 안내', '자율 학습 구간의 이용 가능 시간이 오전 9시로 변경됩니다.', '중요공지'),
('야간 스태프 근무 시간 안내', '야간 스태프는 오후 10시까지 근무합니다. 이후 문의는 앱을 이용해 주세요.', '일반공지'),
('주차장 만차 시 안내', '주차장이 만차일 경우 근처 공영주차장을 이용해 주세요.', '일반공지'),
('이용요금 환불 규정 안내', '이용 요금 환불은 1일 기준 차감 후 처리됩니다.', '중요공지'),
('시험기간 간식 제공 이벤트 안내', '8월 20일~22일 시험기간 간식 이벤트가 진행됩니다.', '일반공지'),
('앱 오류 신고 방법 안내', '앱 오류 발견 시 앱 내 피드백 기능을 이용해 주세요.', '일반공지'),
('화재 감지 센서 오작동 안내', '일부 센서 오작동으로 경고음이 울릴 수 있습니다. 점검 중입니다.', '시설공지'),
('스터디카페 운영시간 변경 안내', '9월부터 평일 운영시간이 오전 9시로 조정됩니다.', '중요공지'),
('노트북존 확장 안내', '8월 중 노트북존 좌석이 6석 추가됩니다.', '시설공지'),
('스터디카페 생일 혜택 안내', '생일 당일 방문 시 소정의 선물이 제공됩니다. 생년월일 인증 필수!', '일반공지'),
('무단 촬영 금지 안내', '독서실 내 무단 촬영은 엄격히 금지됩니다.', '중요공지'),
('정숙 캠페인 참여 안내', '조용한 학습 환경을 위한 캠페인에 참여해 주세요. 추첨을 통해 상품 제공!', '일반공지'),
('앱 출결 오류 점검 안내', '일부 출결 기록이 누락되는 문제가 확인되어 점검 중입니다.', '일반공지'),
('8월 공기청정기 정기 점검 안내', '8월 10일 오전 9시 공기청정기 점검이 예정되어 있습니다.', '시설공지'),
('사물함 위치 변경 예정', '보다 효율적인 공간 사용을 위해 일부 사물함 위치가 조정됩니다.', '시설공지'),
('독서실 규정 위반 시 제재 안내', '규정 위반 시 경고 및 일정 기간 이용 제한이 있을 수 있습니다.', '중요공지'),
('출입카드 태깅 위치 변경 안내', '입구 출입카드 태깅 위치가 오른쪽으로 변경되었습니다.', '중요공지'),
('시험기간 인원 밀집 주의', '혼잡 시간대에는 거리두기에 유의해 주세요.', '중요공지'),
('앱 알림 미수신 오류 안내', '일부 기기에서 알림이 수신되지 않는 문제가 확인되었습니다.', '일반공지'),
('화장실 리모델링 사전 안내', '8월 말 화장실 리모델링이 예정되어 있습니다. 자세한 일정은 추후 공지됩니다.', '시설공지'),
('야간 무인 운영 테스트 실시', '8월 6일 00시~06시 무인 운영 테스트가 진행됩니다.', '시설공지'),
('출입 카드 반납 요청', '이용 종료 시 반드시 출입카드를 안내데스크에 반납해 주세요.', '중요공지'),
('스터디카페 방역 소독 완료 안내', '7월 31일 전체 방역 소독을 완료하였습니다.', '시설공지'),
('비상벨 오작동 점검 안내', '비상벨 오작동이 간헐적으로 발생하고 있어 점검 중입니다.', '시설공지'),
('휴대폰 충전기 대여 안내', '안내데스크에서 유선 충전기 대여가 가능합니다.', '일반공지'),
('여름철 온열 질환 주의 안내', '더위에 취약한 분들은 수분 섭취에 유의해 주세요.', '중요공지'),
('장기 보관물 처리 안내', '8월 20일까지 보관물 미수령 시 폐기 처리됩니다.', '중요공지'),
('회원 등급 변경 제도 시행 안내', '이용 빈도에 따라 회원 등급이 변경되는 제도가 시범 운영됩니다.', '일반공지'),
('8월 회원 이벤트 예고', '8월 중 다채로운 회원 이벤트가 준비되어 있습니다. 많은 참여 바랍니다.', '일반공지'),
('공기순환 시스템 점검 안내', '8월 7일 오전 8시 공기순환 시스템 정기 점검이 있습니다.', '시설공지'),
('스터디룸 예약 제한 안내', '스터디룸 예약은 하루 2시간 이내로 제한됩니다.', '중요공지'),
('앱 내 출석 확인 기능 안내', '앱에서 실시간 출석 확인이 가능합니다. 확인해 주세요.', '일반공지'),
('노트북 이용 구역 확대 안내', '8월 15일부터 노트북 사용 가능 좌석이 확대됩니다.', '시설공지'),
('야간 경고등 점등 안내', '야간 시간대에는 출입 경고등이 자동 점등됩니다.', '시설공지'),
('야간 무단 체류 금지 안내', '운영 종료 후 무단 체류 시 자동 경고 시스템이 작동됩니다.', '중요공지'),
('장기 미이용 회원 혜택 안내', '복귀 회원 대상 특별 할인 이벤트가 진행 중입니다.', '일반공지'),
('회원정보 갱신 요청', '정확한 출입 기록을 위해 개인정보를 최신화해 주세요.', '중요공지'),
('앱 출입 로그 확인 안내', '앱에서 본인의 출입 내역을 확인할 수 있습니다.', '일반공지'),
('긴급 상황 시 대피 안내', '비상시에는 출입구 및 비상계단을 이용해 안전하게 대피해 주세요.', '중요공지'),
('소지품 도난 주의', '귀중품은 반드시 소지해 주세요. 도난에 대해 책임지지 않습니다.', '중요공지'),
('스터디카페 환경 만족도 조사', '앱을 통해 간단한 환경 만족도 조사가 진행 중입니다.', '일반공지'),
('앱 점검 일정 안내', '8월 9일 새벽 2시~4시 앱 점검이 예정되어 있습니다.', '시설공지');